run_name,condition,path,step,candidate_index,picked,score_total,readable_ontology_frontier,frontier_quality,ontology_collapse_density,identity_melt_score,affordance_corruption_score,category_bleeding_score,syntax_readability_proxy,graph_integration,graph_fragmentation,repair_pressure,atmospheric_conservation,unfinished,meta_leak,identity_melt_count,affordance_corruption_count,text
steer_alpha_0p45_c12_tok140.json,steer_alpha_0p45,experiments/frontier_sweep_banded_frontier_focus/steer_alpha_0p45_c12_tok140.json,1,1,1,-0.6541742259452952,0.20242873362658845,0.43916561762391815,0.5621212121212121,1.0,0.0,0.06060606060606061,0.7319426960398636,0.19999999999999998,0.9100000000000001,0.0,0.0,0.0,0.0,1,0,"The umbrella, now a makeshift shelter for a family of pigeons, its faded purple canopy a tattered, yet surprisingly durable, haven from the city's drizzle. Nearby, a street vendor, her worn face a topographic map of wrinkles, tends to the pigeons, offering them tea and a gentle, soothing melody."
steer_alpha_0p45_c12_tok140.json,steer_alpha_0p45,experiments/frontier_sweep_banded_frontier_focus/steer_alpha_0p45_c12_tok140.json,1,2,0,0.6952599728954074,0.14555316639684762,0.39901694476862076,0.4448529411764706,0.8088235294117647,0.0,0.0,0.6650282412810347,0.19999999999999998,0.9100000000000001,0.0,0.0,0.0,0.0,1,0,"The umbrella, now a makeshift home for a small, bedraggled bird, its metal ribs warped and tangled, its once-vibrant colors faded to a dull sheen, slowly begins to weather and disintegrate, its fabric unraveling like a thread pulled from a sweater, as the bird, sensing the approaching rain, pecks at the umbrella's metal lip, trying to free itself, while a nearby street performer, a young artist, carefully collects the fragments, weaving them into a macabre tapestry, its latest sculpture."
steer_alpha_0p45_c12_tok140.json,steer_alpha_0p45,experiments/frontier_sweep_banded_frontier_focus/steer_alpha_0p45_c12_tok140.json,1,3,0,-0.10703194113466297,0.010912973532338308,0.449710447761194,0.02666666666666667,0.0,0.0,0.13333333333333333,0.7495174129353234,0.19999999999999998,0.9100000000000001,0.0,0.5,0.0,0.0,0,0,"It leaned against the worn bench, a lone figure in a sea of people rushing to catch a train, its metal ribs exposed and dented, a forgotten companion to the countless others that had once sheltered someone, now only a relic of a rainy day long past."
steer_alpha_0p45_c12_tok140.json,steer_alpha_0p45,experiments/frontier_sweep_banded_frontier_focus/steer_alpha_0p45_c12_tok140.json,1,4,0,0.842271028165231,0.009535285020644095,0.43606486374896775,0.02666666666666667,0.0,0.0,0.13333333333333333,0.7267747729149463,0.19999999999999998,0.9100000000000001,0.0,0.0,0.0,0.0,0,0,"The umbrella stood at an angle, its metal ribs bent and twisted like a metal snake, its once-vibrant colors now dulled by the patina of years, its tip tracing a slow path of water onto a dusty, abandoned suitcase."
steer_alpha_0p45_c12_tok140.json,steer_alpha_0p45,experiments/frontier_sweep_banded_frontier_focus/steer_alpha_0p45_c12_tok140.json,1,5,0,-0.22920167663496405,0.0,0.4335195607412491,0.0,0.0,0.0,0.0,0.7225326012354152,0.19999999999999998,0.9100000000000001,0.0,0.0,0.0,0.0,0,0,"A train rumbles in, bringing with it a small, disheveled old man, whose worn leather satchel spills a handful of books, one of which is an old, leather-bound volume with a faded, golden title that reads ""The Art of forgetting""."
steer_alpha_0p45_c12_tok140.json,steer_alpha_0p45,experiments/frontier_sweep_banded_frontier_focus/steer_alpha_0p45_c12_tok140.json,1,6,0,0.040551255437730305,0.009639710890607426,0.4050295436247021,0.029024413585588812,0.0,0.0,0.14512206792794405,0.6750492393745036,0.19999999999999998,0.9100000000000001,0.0,0.0,0.0,0.0,0,0,"The umbrella, its once-vibrant colors faded to a dull sheen, had been claimed by a stranger who had appeared from nowhere, its tip planted firmly in the puddle of a nearby puddle, as if it had been waiting for its owner to return. The stranger, a woman with a worn leather satchel slung over her shoulder, gazed out at the rain-soaked streets, her eyes a piercing green in the dim light of a station exit."
steer_alpha_0p45_c12_tok140.json,steer_alpha_0p45,experiments/frontier_sweep_banded_frontier_focus/steer_alpha_0p45_c12_tok140.json,1,7,0,0.02204414229185736,0.006704073517682965,0.40829886092476697,0.018658551590735664,0.0,0.0,0.09329275795367832,0.6804981015412783,0.19999999999999998,0.9100000000000001,0.0,0.3333333333333333,0.0,0.0,0,0,"It stood quietly, a lone figure, its metal ribs and fiberglass canopy slowly rusting, a forgotten relic beside a worn, wooden bench, as a stranger, clutching a leather satchel, paused to study it, her eyes tracing the intricate patterns etched into the metal, her fingers trailing along the edge of the umbrella's shattered tip, where a tiny, antique music box, once attached, now lay broken and still."
steer_alpha_0p45_c12_tok140.json,steer_alpha_0p45,experiments/frontier_sweep_banded_frontier_focus/steer_alpha_0p45_c12_tok140.json,1,8,0,0.22908106124216476,0.0,0.37976981326869563,0.0,0.0,0.0,0.0,0.7165468174881049,0.05999999999999997,0.9730000000000001,0.0,0.0,0.0,0.0,0,0,"The umbrella, now dry and brittle, stands upright beside a puddle, its once-vibrant colors faded to a dull sheen, as a young artist, eyes fixed on a nearby sketchbook, begins to draw the umbrella, capturing its intricate metalwork and the morning dew that clings to its skeletal ribs."
steer_alpha_0p45_c12_tok140.json,steer_alpha_0p45,experiments/frontier_sweep_banded_frontier_focus/steer_alpha_0p45_c12_tok140.json,1,9,0,0.0725285977083987,0.0,0.4210614348785871,0.0,0.0,0.0,0.0,0.7017690581309786,0.19999999999999998,0.9100000000000001,0.0,0.0,0.0,0.0,0,0,"The umbrella, its once-vibrant colors now faded, stood upright in a dusty corner, surrounded by the remnants of a long-abandoned café, where a lone, leather-bound book lay open, its pages fluttering gently in the station's faint breeze, as a small, unassuming teacup, once filled with tea, now sat atop a nearby trash can, its delicate handle worn and twisted."
steer_alpha_0p45_c12_tok140.json,steer_alpha_0p45,experiments/frontier_sweep_banded_frontier_focus/steer_alpha_0p45_c12_tok140.json,1,10,0,0.8160646931814968,0.0,0.4264301917596144,0.0,0.0,0.0,0.0,0.710716986266024,0.19999999999999998,0.9100000000000001,0.0,0.0,0.0,0.0,0,0,"The umbrella, its once-vibrant colors now faded and peeling, stood at attention beside a dumpster, its tip slightly askew, where it had likely been left by a commuter who never returned. A small, leather-bound book clung to its handle, as if trying to escape, its pages fluttering in the breeze that carried the scent of damp earth and decaying leaves."
steer_alpha_0p45_c12_tok140.json,steer_alpha_0p45,experiments/frontier_sweep_banded_frontier_focus/steer_alpha_0p45_c12_tok140.json,1,11,0,-1.538376673326673,0.005966231515151514,0.3933779020979021,0.016666666666666666,0.0,0.0,0.08333333333333333,0.6556298368298368,0.19999999999999998,0.9100000000000001,0.0,0.5,0.0,0.0,0,0,"The forgotten umbrella at the station stood upright, its metal ribs still and still, covered in morning dew, its fabric a faint pink now, attached to a small, leather-bound book that had been its owner's constant companion, its pages now fluttering gently in the morning breeze, containing a poem that read ""do not be forgotten""."
steer_alpha_0p45_c12_tok140.json,steer_alpha_0p45,experiments/frontier_sweep_banded_frontier_focus/steer_alpha_0p45_c12_tok140.json,1,12,0,-1.0711104121748738,0.0,0.414397499535713,0.0,0.0,0.0,0.0,0.6906624992261883,0.19999999999999998,0.9100000000000001,0.0,0.3333333333333333,0.0,0.0,0,0,"The umbrella's canvas was once a brilliant shade of red, but now it was a dull, wet gray, its metal ribs twisted and tangled, a tangled mess of rust and decay, a forgotten relic that had been left on a bench at the station, where a young girl with a guitar and a sketchbook sat, staring at it with a curious expression, her pencil scratching out a tentative melody alongside a drawing of the umbrella."
steer_alpha_0p45_c12_tok140.json,steer_alpha_0p45,experiments/frontier_sweep_banded_frontier_focus/steer_alpha_0p45_c12_tok140.json,2,1,1,0.9596866478842581,0.18470695862594627,0.4095497973967766,0.55,1.0,0.0,0.0,0.6825829956612943,0.19999999999999998,0.9100000000000001,0.0,0.0,0.0,0.0,1,0,"As the vendor's melody drifts across the wet pavement, the pigeons, their iridescent feathers glowing in the dim light, begin to sway, their eyes closed as if in a gentle, collective trance, while the umbrella, now a makeshift stage, supports a miniature, tea-cup orchestra, its metal ribs transformed into tiny, shimmering xylophones."
steer_alpha_0p45_c12_tok140.json,steer_alpha_0p45,experiments/frontier_sweep_banded_frontier_focus/steer_alpha_0p45_c12_tok140.json,2,2,0,-0.12534152024228695,0.17435919990283322,0.3687280415257999,0.5766666666666667,1.0,0.0,0.13333333333333333,0.6145467358763332,0.19999999999999998,0.9100000000000001,0.0,0.0,0.0,0.0,1,0,"As the vendor's song weaves in and out of the patter of raindrops on the umbrella's metal ribs, the pigeons, now a riot of feathers and iridescent feathers, peck at the vendor's hands, which are stained with tea stains and the faint outlines of last night's Chinese takeout."
steer_alpha_0p45_c12_tok140.json,steer_alpha_0p45,experiments/frontier_sweep_banded_frontier_focus/steer_alpha_0p45_c12_tok140.json,2,3,0,0.8324207727808581,0.13910192492710663,0.3781849397146412,0.4327230046948357,0.7746478873239436,0.0,0.03333333333333333,0.6303082328577353,0.19999999999999998,0.9100000000000001,0.0,0.16666666666666666,0.0,0.0,1,0,"As the vendor's fingers, stained with tea and grime, stroke the pigeons' downy feathers, a delicate, antique music box, half-buried in the vendor's basket, begins to play a soft, melancholic waltz, its golden ballerina twirling to the rhythm of the rain. The pigeons, entranced, sway to the music, their eyes closed, their feathers ruffled, as the umbrella, now a tiny, surreal garden, blooms with small, delicate flowers that seem to be made of the same faded purple fabric as its canopy."
steer_alpha_0p45_c12_tok140.json,steer_alpha_0p45,experiments/frontier_sweep_banded_frontier_focus/steer_alpha_0p45_c12_tok140.json,2,4,0,0.4119992637648966,0.006072132124145194,0.40409085466446704,0.015985798617120746,0.0,0.0,0.07992899308560372,0.6734847577741118,0.19999999999999998,0.9100000000000001,0.0,0.6666666666666666,0.0,0.0,0,0,"As the vendor's song drifts away, a small, leather-bound book falls from her basket, its worn pages fluttering open to a page filled with handwritten notes, a single sentence underlined in crimson ink: ""The city's secrets are not in its streets, but in its forgotten things."""
steer_alpha_0p45_c12_tok140.json,steer_alpha_0p45,experiments/frontier_sweep_banded_frontier_focus/steer_alpha_0p45_c12_tok140.json,2,5,0,0.819920364689178,0.005614789365197445,0.4108382462339594,0.016666666666666666,0.0,0.0,0.08333333333333333,0.6847304103899324,0.19999999999999998,0.9100000000000001,0.0,0.0,0.0,0.0,0,0,"She sings softly, her voice weaving in and out of the patter of rain, as the pigeons nestle deeper into their makeshift home, their eyes closed in contented rapture, their gentle cooing a harmonious accompaniment to the vendor's lullaby, while a small, leather-bound book lies open on a nearby bench, its pages fluttering lazily in the rain."
steer_alpha_0p45_c12_tok140.json,steer_alpha_0p45,experiments/frontier_sweep_banded_frontier_focus/steer_alpha_0p45_c12_tok140.json,2,6,0,1.0855348282401007,0.0,0.4130850467295224,0.0,0.0,0.0,0.0,0.6884750778825374,0.19999999999999998,0.9100000000000001,0.0,0.3333333333333333,0.0,0.0,0,0,"The vendor's eyes, a deep, rich brown, seem to hold a thousand stories, as she gently brushes a pigeon's feathers, her touch a whispered promise of comfort, while a child, his eyes wide with wonder, watches from beneath a nearby awning, a tattered, vintage movie poster flapping in the wind, a faded advertisement for a 1920s silent film, ""The Eyes of a Thousand Midnights""."
steer_alpha_0p45_c12_tok140.json,steer_alpha_0p45,experiments/frontier_sweep_banded_frontier_focus/steer_alpha_0p45_c12_tok140.json,2,7,0,0.5962012902983471,0.0,0.40891043008988476,0.0,0.0,0.0,0.0,0.6815173834831413,0.19999999999999998,0.9100000000000001,0.0,0.0,0.0,0.0,0,0,"As the vendor's fingers, adorned with rings that glint like tiny, scattered stars, gently cradle a fragile, porcelain cup, a wispy tendril of steam rises, carrying the scent of jasmine and old books, and the pigeons, their eyes closed in reverie, begin to sway to the rhythm of the vendor's lullaby."
steer_alpha_0p45_c12_tok140.json,steer_alpha_0p45,experiments/frontier_sweep_banded_frontier_focus/steer_alpha_0p45_c12_tok140.json,2,8,0,0.7667970286995087,0.003833534895551396,0.3856910108329148,0.012121212121212123,0.0,0.0,0.06060606060606061,0.6428183513881913,0.19999999999999998,0.9100000000000001,0.0,0.0,0.0,0.0,0,0,"The vendor, her eyes closed, her head tilted back, her throat singing a soft, lullaby-like tune, as the pigeons, their feathers ruffled but otherwise unruffled, peck at the vendor's open hands, which hold a steaming teapot and a delicate, antique music box, its ballerina twirling to the rhythm of the vendor's song."
steer_alpha_0p45_c12_tok140.json,steer_alpha_0p45,experiments/frontier_sweep_banded_frontier_focus/steer_alpha_0p45_c12_tok140.json,2,9,0,0.6646460543042683,0.0,0.40355319413464,0.0,0.0,0.0,0.0,0.6725886568910667,0.19999999999999998,0.9100000000000001,0.0,0.0,0.0,0.0,0,0,"As the vendor's fingers, adorned with rings that glint like tiny, frozen raindrops, gently stroke the umbrella's rusty handle, the pigeons, their iridescent feathers glistening with dew, peck at her hands, their eyes, like two shimmering opals, seeking crumbs and secrets."
steer_alpha_0p45_c12_tok140.json,steer_alpha_0p45,experiments/frontier_sweep_banded_frontier_focus/steer_alpha_0p45_c12_tok140.json,2,10,0,0.7930164074303152,0.0025909590525879447,0.3906133368977603,0.00784313725490196,0.0,0.0,0.0392156862745098,0.6510222281629339,0.19999999999999998,0.9100000000000001,0.0,0.14285714285714285,0.0,0.0,0,0,"As the vendor's song weaves in and out of the rain, a small, antique music box, half-buried in the dirt beside the umbrella, begins to play a lively, forgotten tune, its golden ballerina twirling to the rhythm of the raindrops. The pigeons, entranced, cluster around the umbrella, their eyes shining like tiny, iridescent jewels as they drink in the melody, their feathers, once a dull gray, now glimmering with a soft, silvery sheen."
steer_alpha_0p45_c12_tok140.json,steer_alpha_0p45,experiments/frontier_sweep_banded_frontier_focus/steer_alpha_0p45_c12_tok140.json,2,11,0,0.21381756847851885,0.0,0.3856742432127198,0.0,0.0,0.0,0.0,0.642790405354533,0.19999999999999998,0.9100000000000001,0.0,0.0,0.0,0.0,0,0,"As the vendor's melodies mingle with the city's constant din, a young boy, his eyes shining with wonder, observes the pigeons, his small hands clutching a battered violin case, its strings humming a faint, ethereal harmony that seems to harmonize with the pigeons' gentle cooing. The umbrella, its tattered edge curled over a small, leather-bound book, the words ""Les Rêves de Paris"" embossed in gold."
steer_alpha_0p45_c12_tok140.json,steer_alpha_0p45,experiments/frontier_sweep_banded_frontier_focus/steer_alpha_0p45_c12_tok140.json,2,12,0,0.8880258330834805,0.0,0.38719744385578314,0.0,0.0,0.0,0.0,0.6453290730929719,0.19999999999999998,0.9100000000000001,0.0,0.3333333333333333,0.0,0.0,0,0,"The vendor's melody, a lilting waltz, seems to match the pigeons' gentle coos, as they peck at the vendor's hands, their beaks tapping out a staccato rhythm on her worn leather gloves. Amidst the pigeons, a small, leather-bound book lies open, its pages fluttering softly in the drizzle, as if sharing secrets to the urban symphony."
steer_alpha_0p45_c12_tok140.json,steer_alpha_0p45,experiments/frontier_sweep_banded_frontier_focus/steer_alpha_0p45_c12_tok140.json,3,1,1,0.8598517102641077,0.15031079047526766,0.3873522654167815,0.47322775263951733,0.8461538461538461,0.0,0.0392156862745098,0.6455871090279692,0.19999999999999998,0.9100000000000001,0.0,0.0,0.0,0.0,1,0,"The vendor's melody weaves a spell that entraps a few stray cats, who, entranced, begin to tap their paws to the rhythm, their eyes gleaming with a feline, almost-human intensity, as the umbrella's ribs, now a gleaming, silver xylophone, harmonizes with the vendor's singing, and the pigeons, their feathers rustling with anticipation, peck at the pavement, as if to create a makeshift, symphonic keyboard, its keys made of discarded, polished coins and a scattering of raindrops."
steer_alpha_0p45_c12_tok140.json,steer_alpha_0p45,experiments/frontier_sweep_banded_frontier_focus/steer_alpha_0p45_c12_tok140.json,3,2,0,0.7944541045291313,0.12020507527476357,0.39252614784341255,0.37345679012345684,0.6790123456790124,0.0,0.0,0.6542102464056876,0.19999999999999998,0.9100000000000001,0.0,0.0,0.0,0.0,1,0,"The vendor, her eyes half-lidded, hums a gentle harmony as she gently strokes the umbrella, now a delicate, crystal-like structure, its ribs crystallizing into facets that refract and reflect the soft, grey light, while the pigeons, their feathers glistening like polished opals, begin to levitate, their delicate, downy wings beating in unison, as the umbrella, its metal now a latticework of glittering, silver filigree, supports a miniature, Baroque-style carousel, its horses, crafted from twisted, rain-soaked paper, prance and dance, their wooden mouths open in a silent, joyous scream."
steer_alpha_0p45_c12_tok140.json,steer_alpha_0p45,experiments/frontier_sweep_banded_frontier_focus/steer_alpha_0p45_c12_tok140.json,3,3,0,0.9859268797976093,0.06754421859380011,0.39298454454574605,0.20220588235294118,0.0,0.8088235294117647,0.0,0.6549742409095768,0.19999999999999998,0.9100000000000001,0.0,0.16666666666666666,0.0,0.0,0,1,"The vendor, her eyes closed, her head tilted back, her lips moving in time with the melody, seems to be singing an old, forgotten tune, as the pigeons, their feathers rustling softly, join in, their gentle cooing harmonizing with the vendor's voice, while the umbrella, still closed, is cradled by a small, makeshift harp, its strings plucked by a tiny, deft hand, weaved into a latticework of tiny, gossamer threads that seem to be drawn from the very fabric of the city itself."
steer_alpha_0p45_c12_tok140.json,steer_alpha_0p45,experiments/frontier_sweep_banded_frontier_focus/steer_alpha_0p45_c12_tok140.json,3,4,0,0.9583927139555006,0.21666135858739838,0.36815863821138206,0.7176829268292684,1.0,0.6707317073170731,0.0,0.6135977303523035,0.19999999999999998,0.9100000000000001,0.0,0.0,0.0,0.0,2,1,"The vendor, her eyes closed, her head tilted back, her silver hair, now a wild tangle, falls across her shoulders as a soft, gray fog seeps from the base of a nearby, ancient, stone statue, its eyes seeming to watch the vendor, the pigeons, and the umbrella, now a vibrant, neon-green, glowing entity, pulsing with an ethereal energy that harmonizes with the vendor's melody, as the pigeons, their feathers ruffled by the fog, begin to emit a soft, luminescent glow, their eyes still closed, their gentle sway now a slow, synchronized dance."
steer_alpha_0p45_c12_tok140.json,steer_alpha_0p45,experiments/frontier_sweep_banded_frontier_focus/steer_alpha_0p45_c12_tok140.json,3,5,0,0.45939778531964276,0.06500399830628086,0.1441330339385385,0.55,1.0,0.0,0.0,0.4003695387181625,0.19999999999999998,0.9100000000000001,0.0,0.0,0.4,0.0,1,0,"The vendor, her eyes closed, a satisfied smile on her face, hums along with the pigeons, as the umbrella, now a tiny, intricately carved, gargoyle-like creature with glowing, emerald-green eyes, reaches out to gently bathe the vendor's face with raindrops, its"
steer_alpha_0p45_c12_tok140.json,steer_alpha_0p45,experiments/frontier_sweep_banded_frontier_focus/steer_alpha_0p45_c12_tok140.json,3,6,0,0.5197368166388006,0.06500563666666669,0.1441366666666667,0.55,1.0,0.0,0.0,0.4003796296296297,0.19999999999999998,0.9100000000000001,0.0,0.0,0.4,0.0,1,0,"The vendor, her eyes closed, a serene smile etched on her face, begins to harmonize with the pigeons, her voice weaving an enchanting melody that harmonizes with the soft tapping of the xylophones, as the umbrella, now a vibrant, miniature proscenium, frames a"
steer_alpha_0p45_c12_tok140.json,steer_alpha_0p45,experiments/frontier_sweep_banded_frontier_focus/steer_alpha_0p45_c12_tok140.json,3,7,0,-0.00385637379755005,0.0,0.18014447174447176,0.0,0.0,0.0,0.0,0.6004815724815725,0.0,1.0,0.0,0.0,0.4,0.0,0,0,"The vendor, her eyes closed, her chest heaving with a soft, rhythmic breathing, begins to sing a lilting, wordless melody, as the pigeons, their feathers rustling softly, settle into a synchronized, almost-but-not-quite chorus, their eyes still closed, yet see"
steer_alpha_0p45_c12_tok140.json,steer_alpha_0p45,experiments/frontier_sweep_banded_frontier_focus/steer_alpha_0p45_c12_tok140.json,3,8,0,0.7199194561312579,0.0,0.3751216458117234,0.0,0.0,0.0,0.0,0.625202743019539,0.19999999999999998,0.9100000000000001,0.0,0.0,0.0,0.0,0,0,"The vendor, her eyes closed, her face tilted upwards, as if attuning to the pigeons' gentle murmurs, her tea cup and saucer now a tiny, delicate guitar, its strings singing a harmonious accompaniment to the pigeons' soft cooing, while the umbrella, its ribs now a glittering, crystalline harp, amplifies the melody, its metal threads vibrating with an otherworldly music that weaves together the city's sounds into a rich, urban symphony, as the pigeons, their eyes still closed, begin to sway in perfect harmony, their feathers shimmering like stardust in the drizzle."
steer_alpha_0p45_c12_tok140.json,steer_alpha_0p45,experiments/frontier_sweep_banded_frontier_focus/steer_alpha_0p45_c12_tok140.json,3,9,0,0.191208960197141,0.0019590540247412516,0.16126359350004207,0.014814814814814815,0.0,0.0,0.07407407407407407,0.44795442638900584,0.19999999999999998,0.9100000000000001,0.0,0.0,0.4,0.0,0,0,"The vendor, her eyes closed, her face tilted upwards, as if listening to the symphony of the umbrella, her hair, a wild tangle of silver locks, now adorned with tiny, glimmering wind chimes that reflect the city's neon lights, casting a kaleidoscope of colors"
steer_alpha_0p45_c12_tok140.json,steer_alpha_0p45,experiments/frontier_sweep_banded_frontier_focus/steer_alpha_0p45_c12_tok140.json,3,10,0,-0.6745338403344254,0.0010544884765064585,0.1350259634550953,0.009523809523809525,0.0,0.0,0.047619047619047616,0.4500865448503176,0.0,1.0,0.0,0.0,0.4,0.0,0,0,"The vendor, her eyes, two glittering opals, watch as a small, bespectacled boy, his eyes shining with wonder, appears, his fingers, deft and sure, coaxing tiny, miniature violins from the umbrella's ribs, their strings singing a harmonious, ethereal melody tha"
steer_alpha_0p45_c12_tok140.json,steer_alpha_0p45,experiments/frontier_sweep_banded_frontier_focus/steer_alpha_0p45_c12_tok140.json,3,11,0,0.2996781357547929,0.0,0.14100064854241728,0.0,0.0,0.0,0.0,0.3916684681733814,0.19999999999999998,0.9100000000000001,0.0,0.0,0.4,0.0,0,0,"The vendor, as she plays her tea cups, her fingers move with the precision of a conductor, and the pigeons, now in a state of rapt attention, their eyes snapping open as one, reveal tiny, porcelain faces, their beaks and beady eyes reflecting the vendor's gent"
steer_alpha_0p45_c12_tok140.json,steer_alpha_0p45,experiments/frontier_sweep_banded_frontier_focus/steer_alpha_0p45_c12_tok140.json,3,12,0,-1.0313417414993447,0.0,0.12171087478559178,0.0,0.0,0.0,0.0,0.3380857632933105,0.19999999999999998,0.9100000000000001,0.0,0.0,0.4,0.0,0,0,"The vendor's song weaves in and out of the city's din, a silver thread that threads its way through the crowded station, drawing the attention of a young woman, her eyes red-rimmed from crying, who stands at the edge of the crowd, her gaze fixed on the vendor"
steer_alpha_0p45_c12_tok140.json,steer_alpha_0p45,experiments/frontier_sweep_banded_frontier_focus/steer_alpha_0p45_c12_tok140.json,4,1,1,0.3795663210651657,0.07213598051282054,0.1532200095854302,0.55,1.0,0.0,0.0,0.4256111377373061,0.19999999999999998,0.9100000000000001,0.0,0.2,0.4,0.0,1,0,"The vendor, her eyes closed, her face tilted upwards, as if to drink in the sound, her hair, a wild tangle of silver-blonde locks, falls onto the wet pavement, its strands glistening like a thousand tiny, dew-kissed diamonds, and the umbrellas, now a chorus of"
steer_alpha_0p45_c12_tok140.json,steer_alpha_0p45,experiments/frontier_sweep_banded_frontier_focus/steer_alpha_0p45_c12_tok140.json,4,2,0,0.19430056969621884,0.06927523613711029,0.15360362779847067,0.55,1.0,0.0,0.0,0.4266767438846407,0.19999999999999998,0.9100000000000001,0.0,0.0,0.4,0.0,1,0,"The vendor's melody grows louder, drawing a small crowd of onlookers, who stand, mesmerized, as the pigeons, now a shimmering, glittering horde, their iridescent feathers radiating a soft, ethereal glow, begin to move in perfect synchrony, their wings beating"
steer_alpha_0p45_c12_tok140.json,steer_alpha_0p45,experiments/frontier_sweep_banded_frontier_focus/steer_alpha_0p45_c12_tok140.json,4,3,0,-0.4614375090394433,0.06040256190727082,0.1292033409781194,0.55,1.0,0.0,0.0,0.43067780326039795,0.0,1.0,0.0,0.16666666666666666,0.4,0.0,1,0,"The vendor, her eyes closed, her face a serene, slightly-upturned smile, hums a gentle accompaniment to the xylophones, as the umbrella, now a shimmering, crystal-like structure, begins to reflect the city's wet, grey sky, its ribs vibrating with an otherworld"
steer_alpha_0p45_c12_tok140.json,steer_alpha_0p45,experiments/frontier_sweep_banded_frontier_focus/steer_alpha_0p45_c12_tok140.json,4,4,0,0.41618875072702594,0.06743174151018308,0.14951605656359884,0.55,1.0,0.0,0.0,0.41532237934333016,0.19999999999999998,0.9100000000000001,0.0,0.0,0.4,0.0,1,0,"The stray cats, now a mesmerized audience, their tails twitching in time, as the umbrella's xylophone resonates with the vendor's song, a small, rain-soaked violin case materializes beside the makeshift stage, its lid slightly ajar, revealing a tiny, delicate"
steer_alpha_0p45_c12_tok140.json,steer_alpha_0p45,experiments/frontier_sweep_banded_frontier_focus/steer_alpha_0p45_c12_tok140.json,4,5,0,-0.4491542061542066,0.059445561235521235,0.13180833976833978,0.55,1.0,0.0,0.0,0.4144916344916345,0.05999999999999997,0.9730000000000001,0.0,0.0,0.4,0.0,1,0,"The vendor's melody swells, and the cats, now fully entranced, begin to play a synchronized, feline- xylophone concerto, its discordant notes clashing with the pigeons' gentle, pecking rhythms, as the umbrella's canopy, now a glittering, crystalline chandelier"
steer_alpha_0p45_c12_tok140.json,steer_alpha_0p45,experiments/frontier_sweep_banded_frontier_focus/steer_alpha_0p45_c12_tok140.json,4,6,0,0.49676101129291844,0.07119059342074023,0.14763298419940046,0.5633333333333334,1.0,0.0,0.06666666666666667,0.41009162277611244,0.19999999999999998,0.9100000000000001,0.0,0.2,0.4,0.0,1,0,"The vendor, her eyes closed, her face aglow with an otherworldly light, begins to levitate above the pavement, her worn, leathery hands cradling a small, glowing orb that pulsates in time with the umbrella's xylophones, as the pigeons, now a swirling, iridesce"
steer_alpha_0p45_c12_tok140.json,steer_alpha_0p45,experiments/frontier_sweep_banded_frontier_focus/steer_alpha_0p45_c12_tok140.json,4,7,0,0.36660962191203655,0.09917026281445365,0.14672788167490003,0.8242424242424243,1.0,1.0,0.12121212121212122,0.4075774490969446,0.19999999999999998,0.9100000000000001,0.0,0.0,0.4,0.0,2,1,"The vendor's melody, now a gentle hum, seems to awaken a lone, antique music box, its golden lid creaking open, releasing a soft, ethereal tune that merges with the vendor's singing, as the umbrella's ribs, now a shimmering, crystalline harp, begins to vibrate"
steer_alpha_0p45_c12_tok140.json,steer_alpha_0p45,experiments/frontier_sweep_banded_frontier_focus/steer_alpha_0p45_c12_tok140.json,4,8,0,0.7093227040953267,0.004189845773624092,0.1532870404984424,0.03333333333333333,0.0,0.0,0.16666666666666666,0.4257973347178956,0.19999999999999998,0.9100000000000001,0.0,0.0,0.4,0.0,0,0,"The vendor, her eyes closed, her face upturned, receives a delicate, hand-carved music box from a young girl, its lid open, a shower of tiny, shimmering raindrops pouring out, which the vendor catches with a warm, tender smile, as the music box's melody, a lil"
steer_alpha_0p45_c12_tok140.json,steer_alpha_0p45,experiments/frontier_sweep_banded_frontier_focus/steer_alpha_0p45_c12_tok140.json,4,9,0,-0.6569466044330028,0.001489168737105483,0.14982490342829552,0.012121212121212123,0.0,0.0,0.06060606060606061,0.4161802873008209,0.19999999999999998,0.9100000000000001,0.0,0.0,0.4,0.0,0,0,"The vendor's melody slowly fades, and an elderly man, his eyes closed, his face a map of weathered leather, appears at the edge of the gathering, his fingers, bony and wrinkled, grasping a battered, old harmonica, its metal surfaces etched with intricate, swir"
steer_alpha_0p45_c12_tok140.json,steer_alpha_0p45,experiments/frontier_sweep_banded_frontier_focus/steer_alpha_0p45_c12_tok140.json,4,10,0,-0.10705527118250963,0.0021166771182241123,0.14129099321566893,0.01826948413385228,0.0,0.0,0.0913474206692614,0.39247498115463597,0.19999999999999998,0.9100000000000001,0.0,0.0,0.4,0.0,0,0,"The vendor, her eyes never leaving the umbrella, begins to weave a tapestry of yarn and thread, its colors a vibrant, rainbow-hued reflection of the city's eclectic, multicultural mosaic, as the umbrellae of a dozen or so rain-soaked commuters begin to congreg"
steer_alpha_0p45_c12_tok140.json,steer_alpha_0p45,experiments/frontier_sweep_banded_frontier_focus/steer_alpha_0p45_c12_tok140.json,4,11,0,0.4720952929429894,0.0,0.14397665418517575,0.0,0.0,0.0,0.0,0.3999351505143771,0.19999999999999998,0.9100000000000001,0.0,0.2,0.4,0.0,0,0,"The stray cats, now fully entranced, rise from the wet pavement, their bodies undulating like a chorus line, their paws tapping out a staccato beat on the pavement, as the umbrella's xylophones emit a mesmerizing, ethereal music that harmonizes with the vendor"
steer_alpha_0p45_c12_tok140.json,steer_alpha_0p45,experiments/frontier_sweep_banded_frontier_focus/steer_alpha_0p45_c12_tok140.json,4,12,0,0.4385910052570439,0.0,0.1428386453756296,0.0,0.0,0.0,0.0,0.39677401493230446,0.19999999999999998,0.9100000000000001,0.0,0.2,0.4,0.0,0,0,"The vendor, absorbed in her melody, begins to weave a complex, intricate pattern on the wet pavement with a stick, as the cats, now fully entranced, form a semi-circle around her, their eyes fixed on the pattern, while the pigeons, their feathers glistening wi"
steer_alpha_0p45_c12_tok140.json,steer_alpha_0p45,experiments/frontier_sweep_banded_frontier_focus/steer_alpha_0p45_c12_tok140.json,5,1,1,0.5174436347221194,0.07590221480034874,0.16121965760481888,0.55,1.0,0.0,0.0,0.44783238223560806,0.19999999999999998,0.9100000000000001,0.0,0.2,0.4,0.0,1,0,"The umbrellas, now a chorus of glittering, iridescent orbs, suspended from the vendor's fingers, as if by an invisible, ethereal thread, refracting raindrops into a kaleidoscope of colors, their reflections dancing across the wet pavement, like a thousand tiny"
steer_alpha_0p45_c12_tok140.json,steer_alpha_0p45,experiments/frontier_sweep_banded_frontier_focus/steer_alpha_0p45_c12_tok140.json,5,2,0,0.25533416633306577,0.06913995647630683,0.15330367289646746,0.55,1.0,0.0,0.0,0.42584353582352075,0.19999999999999998,0.9100000000000001,0.0,0.0,0.4,0.0,1,0,"the vendor's wild hair, a tangle of silver-blonde locks, as it becomes entwined with the umbrellas, their purple canopies now a vibrant, electric blue, and the pigeons, their iridescent feathers glowing with an ethereal light, begin to levitate, as if lifted b"
steer_alpha_0p45_c12_tok140.json,steer_alpha_0p45,experiments/frontier_sweep_banded_frontier_focus/steer_alpha_0p45_c12_tok140.json,5,3,0,0.5828751087536128,0.06818936864864864,0.1448372316241475,0.55,1.0,0.0,0.0,0.40232564340040977,0.19999999999999998,0.9100000000000001,0.0,0.2,0.4,0.0,1,0,"The vendor's hair, now a wild tangle of silver-blonde locks, flows like a river of moonlight as it weaves in and out of the umbrellas, its strands tangling with the pigeons' iridescent feathers, while the cats, entranced, begin to dance on the wet pavement, th"
steer_alpha_0p45_c12_tok140.json,steer_alpha_0p45,experiments/frontier_sweep_banded_frontier_focus/steer_alpha_0p45_c12_tok140.json,5,4,0,-0.0699002285683154,0.0,0.15904135135135136,0.0,0.0,0.0,0.0,0.44178153153153155,0.19999999999999998,0.9100000000000001,0.0,0.2,0.4,0.0,0,0,"The vendor's head, still tilted upwards, begins to sway, her silver-blonde locks entwining with the umbrellas, their metal ribs now a shimmering, crystalline structure that refracts and reflects the drizzle, casting a kaleidoscope of colors across the wet pave"
steer_alpha_0p45_c12_tok140.json,steer_alpha_0p45,experiments/frontier_sweep_banded_frontier_focus/steer_alpha_0p45_c12_tok140.json,5,5,0,0.5226667193941763,0.0,0.15465446922170104,0.0,0.0,0.0,0.0,0.42959574783805843,0.19999999999999998,0.9100000000000001,0.0,0.16666666666666666,0.4,0.0,0,0,"The vendor's hair settles into a small, glistening pool, and a tiny, porcelain tea set, half-hidden in the folds of her worn coat, begins to play a delicate, tinkling melody that harmonizes with the umbrella's xylophones, as the cats, their eyes still aglow, s"
steer_alpha_0p45_c12_tok140.json,steer_alpha_0p45,experiments/frontier_sweep_banded_frontier_focus/steer_alpha_0p45_c12_tok140.json,5,6,0,-0.501104332481848,0.0,0.15328713964205334,0.0,0.0,0.0,0.0,0.42579761011681483,0.19999999999999998,0.9100000000000001,0.0,0.0,0.4,0.0,0,0,"The vendor's eyes snap open, and she fixes a piercing gaze on a lone, bedraggled violinist, who, under the cover of the umbrella's canopy, draws a bow across the strings of a tiny, miniature violin, its body crafted from a hollowed-out, water-damaged book, its"
steer_alpha_0p45_c12_tok140.json,steer_alpha_0p45,experiments/frontier_sweep_banded_frontier_focus/steer_alpha_0p45_c12_tok140.json,5,7,0,-0.8720156831076875,0.0016448245459616932,0.15044126944771585,0.013333333333333334,0.0,0.0,0.06666666666666667,0.41789241513254405,0.19999999999999998,0.9100000000000001,0.0,0.0,0.4,0.0,0,0,"The vendor's wild, silver-blonde hair, a wild tangle of diamonds, attracts a small, bespectacled man, his face a topographic map of identical wrinkles to the vendor's, who approaches the umbrella, his eyes shining with a quiet, calculating intensity, his finge"
steer_alpha_0p45_c12_tok140.json,steer_alpha_0p45,experiments/frontier_sweep_banded_frontier_focus/steer_alpha_0p45_c12_tok140.json,5,8,0,-0.10637693120246577,0.0,0.15212875422501207,0.0,0.0,0.0,0.0,0.42257987284725573,0.19999999999999998,0.9100000000000001,0.0,0.3333333333333333,0.4,0.0,0,0,"as the vendor's melody swells, a small, leather-bound book, its worn, gilded cover creaking with age, lies open on the wet pavement, its yellowed pages fluttering to the rhythm, revealing a score of intricate, swirling patterns that seem to match the exact cad"
steer_alpha_0p45_c12_tok140.json,steer_alpha_0p45,experiments/frontier_sweep_banded_frontier_focus/steer_alpha_0p45_c12_tok140.json,5,9,0,-0.8861475184749392,0.0,0.12720103937966323,0.0,0.0,0.0,0.0,0.40000326848950707,0.05999999999999997,0.9730000000000001,0.0,0.0,0.4,0.0,0,0,"As the impromptu performance reaches a crescendo, the pigeons, the cats, and the vendor's hair all blend into a mesmerizing, rain-soaked tapestry, while the street vendor, her eyes still closed, her face alight with an otherworldly glow, begins to levitate, he"
steer_alpha_0p45_c12_tok140.json,steer_alpha_0p45,experiments/frontier_sweep_banded_frontier_focus/steer_alpha_0p45_c12_tok140.json,5,10,0,-0.8421227579542918,0.0,0.11962175716605944,0.0,0.0,0.0,0.0,0.39873919055353146,0.0,1.0,0.0,0.0,0.4,0.0,0,0,"The vendor's melody swells, and the pigeons, their feathers glistening with raindrops, rise up, their wings unfolding like translucent, crystal-like wings, as they begin to sing a harmony that harmonizes with the cats, who, their eyes still aglow, start to pla"
steer_alpha_0p45_c12_tok140.json,steer_alpha_0p45,experiments/frontier_sweep_banded_frontier_focus/steer_alpha_0p45_c12_tok140.json,5,11,0,0.1399850857088039,0.0014797071366889284,0.13533906738008492,0.013333333333333334,0.0,0.0,0.06666666666666667,0.37594185383356926,0.19999999999999998,0.9100000000000001,0.0,0.0,0.4,0.0,0,0,"As the vendor's song swells, a nearby vendor, her face a mirror image of the first, opens her own, and to the vendor's surprise, a perfect harmony of tea and sugar appears, as if by magic, and the two vendors, their eyes locked in a silent, wordless conversati"
steer_alpha_0p45_c12_tok140.json,steer_alpha_0p45,experiments/frontier_sweep_banded_frontier_focus/steer_alpha_0p45_c12_tok140.json,5,12,0,0.028634456080130655,0.0,0.13171366917407493,0.0,0.0,0.0,0.0,0.3658713032613192,0.19999999999999998,0.9100000000000001,0.0,0.0,0.4,0.0,0,0,"The vendor's eyes snap open, and she begins to sing a softer, more melancholic melody, her voice a gentle, lapping wave that cradles the pigeons, the cats, and the umbrella, as the rain intensifies, casting a shimmering veil over the scene, and the vendor's si"
steer_alpha_0p6_c12_tok140.json,steer_alpha_0p6,experiments/frontier_sweep_banded_frontier_focus/steer_alpha_0p6_c12_tok140.json,1,1,1,1.3768223889603404,0.25834002244870363,0.5577913319564173,0.5648148148148149,1.0,0.0,0.07407407407407407,0.9296522199273622,0.19999999999999998,0.9100000000000001,0.0,0.0,0.0,0.0,1,0,"The umbrella, now a makeshift home for a small, bedraggled bird, its metal ribs rusted and twisted, a tangle of wires and fabric, as a stranger stands nearby, eyes fixed on it, a small, leather-bound book clutched in her hand."
steer_alpha_0p6_c12_tok140.json,steer_alpha_0p6,experiments/frontier_sweep_banded_frontier_focus/steer_alpha_0p6_c12_tok140.json,1,2,0,-0.753095959595959,0.22292411161616163,0.4304939393939394,0.5690476190476191,1.0,0.0,0.09523809523809523,0.717489898989899,0.19999999999999998,0.9100000000000001,0.0,0.5,0.0,0.0,1,0,"The umbrella, now a makeshift puppeteer, manipulates a small, porcelain doll that had been left on a bench, as the station's old, steam-powered clock chimes a melancholic tune, while the forgotten umbrella's metal ribs creak in harmony."
steer_alpha_0p6_c12_tok140.json,steer_alpha_0p6,experiments/frontier_sweep_banded_frontier_focus/steer_alpha_0p6_c12_tok140.json,1,3,0,-1.448038260138697,0.0889267807343355,0.3568456304248881,0.28809523809523807,0.0,1.0,0.19047619047619047,0.6732936423111096,0.05999999999999997,0.9730000000000001,0.0,0.25,0.0,0.0,0,1,"The forgotten umbrella at the station stands alone, its once-vibrant colors now faded, a dull gray, as it slowly begins to reattach itself to the rusty metal stand, its fabric slowly unfurling like a tiny, soggy flower, as the station's steam hisses and whispers secrets to it."
steer_alpha_0p6_c12_tok140.json,steer_alpha_0p6,experiments/frontier_sweep_banded_frontier_focus/steer_alpha_0p6_c12_tok140.json,1,4,0,-1.5229491341991341,0.0,0.5218090909090909,0.0,0.0,0.0,0.0,0.9845454545454545,0.05999999999999997,0.9184583333333334,0.0,0.0,0.0,0.0,0,0,"A man in a long, worn leather coat stands beside it, reading a newspaper, oblivious to the rain."
steer_alpha_0p6_c12_tok140.json,steer_alpha_0p6,experiments/frontier_sweep_banded_frontier_focus/steer_alpha_0p6_c12_tok140.json,1,5,0,0.8175120975128298,0.007835558568595878,0.4300001653497738,0.022222222222222223,0.0,0.0,0.1111111111111111,0.716666942249623,0.19999999999999998,0.9100000000000001,0.0,0.0,0.0,0.0,0,0,"The umbrella stands alone, its metal ribs creaking faintly in the morning breeze, as a small, leather-bound book opens on the stone floor beside it, its pages fluttering as if blown by an invisible hand."
steer_alpha_0p6_c12_tok140.json,steer_alpha_0p6,experiments/frontier_sweep_banded_frontier_focus/steer_alpha_0p6_c12_tok140.json,1,6,0,0.13097788674725108,0.0032882773075833434,0.43521317306250135,0.008888888888888889,0.0,0.0,0.04444444444444444,0.7253552884375023,0.19999999999999998,0.9100000000000001,0.0,0.16666666666666666,0.0,0.0,0,0,"The forgotten umbrella, its wooden handle worn from years of use, slowly creaks open and closes again, as if in a slow, arthritic dance, its metal ribs rusting into a faint, intricate pattern on the damp platform, where a small, antique music box, adorned with tiny, delicate ballerinas, begins to play a soft, melancholy waltz, its lid slightly ajar, releasing a whisper of sugar-scented smoke."
steer_alpha_0p6_c12_tok140.json,steer_alpha_0p6,experiments/frontier_sweep_banded_frontier_focus/steer_alpha_0p6_c12_tok140.json,1,7,0,1.0666987901101035,0.0,0.44484252475247527,0.0,0.0,0.0,0.0,0.7414042079207921,0.19999999999999998,0.9100000000000001,0.0,0.0,0.0,0.0,0,0,"The umbrella, now empty, leans against a lamppost, its metal ribs curled inward, as a young woman, dressed in a long coat and gloves, sits on a nearby bench, her eyes fixed on a small, leather-bound book, its pages fluttering gently in the wind."
steer_alpha_0p6_c12_tok140.json,steer_alpha_0p6,experiments/frontier_sweep_banded_frontier_focus/steer_alpha_0p6_c12_tok140.json,1,8,0,1.212323411555764,0.004347447811447812,0.429967365967366,0.011111111111111112,0.0,0.0,0.05555555555555555,0.7166122766122767,0.19999999999999998,0.9100000000000001,0.0,0.5,0.0,0.0,0,0,"A small, leather-bound book lies open on a bench, its pages fluttering gently in the breeze, beside a ticket stub from a performance of La Bohème at the old opera house, the same one where a lone violinist plays a melancholy tune, a forgotten suitcase, its wheels creaking slowly, as a man in a long, black coat, with a fedora, stands guard beside it."
steer_alpha_0p6_c12_tok140.json,steer_alpha_0p6,experiments/frontier_sweep_banded_frontier_focus/steer_alpha_0p6_c12_tok140.json,1,9,0,0.5595914631538654,0.0028769596237096236,0.4210184815184815,0.008333333333333333,0.0,0.0,0.041666666666666664,0.7016974691974691,0.19999999999999998,0.9100000000000001,0.0,0.0,0.0,0.0,0,0,"The umbrella, now empty and worn, leans against a lamppost, its broken ribs a tangled mess, a small, forlorn bird's nest nearby, a few strands of silver hair, a crumpled ticket stub, a small, antique music box, a tiny, exquisite porcelain doll, a tattered and faded photograph of a couple, a small, leather-bound book, and a half-eaten sandwich."
steer_alpha_0p6_c12_tok140.json,steer_alpha_0p6,experiments/frontier_sweep_banded_frontier_focus/steer_alpha_0p6_c12_tok140.json,1,10,0,-0.46289822702781436,0.0,0.3832677306320082,0.0,0.0,0.0,0.0,0.7231466615698268,0.05999999999999997,0.9730000000000001,0.0,0.3333333333333333,0.0,0.0,0,0,"The forgotten umbrella, its metal ribs bent and twisted, lies beside a discarded briefcase, its leather strap frayed and worn, as a suitcase with a single, unzipped luggage compartment slowly rises from the damp earth, releasing a small, leather-bound book."
steer_alpha_0p6_c12_tok140.json,steer_alpha_0p6,experiments/frontier_sweep_banded_frontier_focus/steer_alpha_0p6_c12_tok140.json,1,11,0,-0.2942144262657773,0.007729668354066896,0.37701718534405676,0.024242424242424246,0.0,0.0,0.12121212121212122,0.628361975573428,0.19999999999999998,0.9100000000000001,0.0,0.14285714285714285,0.0,0.0,0,0,"The forgotten umbrella stood alone, its faded canvas canopy billowing in the wind like a ghostly sail, as the rain-soaked pigees that had taken refuge under its awning pecked at the forgotten umbrella's rusted ribs. Nearby, a small, leather-bound book, bound in worn, cracked leather, had been left on a bench, its pages fluttering gently in the rain, releasing a whispered sigh that only the umbrella seemed to hear."
steer_alpha_0p6_c12_tok140.json,steer_alpha_0p6,experiments/frontier_sweep_banded_frontier_focus/steer_alpha_0p6_c12_tok140.json,1,12,0,0.8762775162414493,0.0,0.3978250586828469,0.0,0.0,0.0,0.0,0.6630417644714115,0.19999999999999998,0.9100000000000001,0.0,0.0,0.0,0.0,0,0,"The umbrella, its once-vibrant colors now faded and worn, stood upright on the deserted platform, its metal ribs creaking softly in the gentle morning breeze, while a vintage typewriter, its keys yellowed with age, sits beside it, its keys still clacking away, spewing out a stream of typewritten pages that flutter to the ground, where they merge with the snow, forming a delicate, lace-like pattern."
steer_alpha_0p6_c12_tok140.json,steer_alpha_0p6,experiments/frontier_sweep_banded_frontier_focus/steer_alpha_0p6_c12_tok140.json,2,1,1,0.6734148325296647,0.08866632764157192,0.3949981921327769,0.2737472474791181,0.0,1.0,0.1187362373955906,0.6583303202212949,0.19999999999999998,0.9100000000000001,0.0,0.0,0.0,0.0,0,1,"The stranger, her eyes never leaving the umbrella, slowly opens the book, revealing yellowed pages filled with handwritten notes and sketches of birds, as the bird, its tiny beak probing the crevices of the umbrella's metal ribs, begins to sing a soft, melancholy tune, its feathers, now ruffled and disheveled, glisten with dew."
steer_alpha_0p6_c12_tok140.json,steer_alpha_0p6,experiments/frontier_sweep_banded_frontier_focus/steer_alpha_0p6_c12_tok140.json,2,2,0,1.086914657273015,0.0811099104105894,0.3817107814336075,0.25913474206692616,0.0,1.0,0.0456737103346307,0.6361846357226791,0.19999999999999998,0.9100000000000001,0.0,0.0,0.0,0.0,0,2,"The stranger's eyes never leave the umbrella, her gaze a mix of fascination and trepidation, as she slowly opens the book, releasing a faint whisper of pages, and a small, sleek raven perches on the umbrella's rusty handle, its eyes gleaming like tiny, dark onyx as the stranger's fingers delicately turn the pages, revealing yellowed, annotated pages filled with cryptic symbols and sketches of cities, canals, and twisted, Gothic spires."
steer_alpha_0p6_c12_tok140.json,steer_alpha_0p6,experiments/frontier_sweep_banded_frontier_focus/steer_alpha_0p6_c12_tok140.json,2,3,0,0.870866282339229,0.008417219897153312,0.538907371464084,0.01904761904761905,0.0,0.0,0.09523809523809523,0.89817895244014,0.19999999999999998,0.9100000000000001,0.0,0.0,0.0,0.0,0,0,"The bird, its feathers ruffled and dirty, opens its beak, and a small piece of paper slips out, fluttering to the ground, where it lands beside the umbrella, and the stranger bends down, picks it up, and delicatesly uncrumples it, smoothing out wrinkles, revealing a delicate, hand-drawn map of a forest, with a tiny, X marked in red."
steer_alpha_0p6_c12_tok140.json,steer_alpha_0p6,experiments/frontier_sweep_banded_frontier_focus/steer_alpha_0p6_c12_tok140.json,2,4,0,0.5182085676070132,0.004312814566014028,0.3701392307692308,0.014209598770773994,0.0,0.0,0.07104799385386996,0.6983759071117561,0.05999999999999997,0.9730000000000001,0.0,0.0,0.0,0.0,0,0,"The bird, now somewhat larger, its feathers ruffled and its beak stained with rain, pecks gently at the pages of the leather-bound book, as the stranger, her eyes never leaving the umbrella, slowly begins to read from it, her voice a low, soothing melody."
steer_alpha_0p6_c12_tok140.json,steer_alpha_0p6,experiments/frontier_sweep_banded_frontier_focus/steer_alpha_0p6_c12_tok140.json,2,5,0,0.6425726317029419,0.008007620377236785,0.4042382139748037,0.02176831018919161,0.0,0.0,0.10884155094595804,0.6737303566246728,0.19999999999999998,0.9100000000000001,0.0,0.5,0.0,0.0,0,0,"The stranger's eyes never leave the umbrella as she carefully sets the book beside it, a small, delicate flower emerging from the pages, petals unfolding like a tiny, intricate fan, the bird, sensing a change, rustles its wings, and the umbrella's metal ribs creak softly, as if awakened from a long, forgotten slumber."
steer_alpha_0p6_c12_tok140.json,steer_alpha_0p6,experiments/frontier_sweep_banded_frontier_focus/steer_alpha_0p6_c12_tok140.json,2,6,0,1.054506447200586,0.0035533841578499073,0.40661671821106765,0.010657199078080496,0.0,0.0,0.05328599539040248,0.6776945303517794,0.19999999999999998,0.9100000000000001,0.0,0.0,0.0,0.0,0,0,"The stranger's eyes never leave the umbrella as a delicate, iridescent bird, its feathers a mosaic of blues and greens, flutters out from within its metal confines, shaking raindrops from its tiny, beak-like mouth, and perches on the stranger's shoulder, nuzzling the book, where a handwritten poem reads, ""where shadows dance, I'll be waiting""."
steer_alpha_0p6_c12_tok140.json,steer_alpha_0p6,experiments/frontier_sweep_banded_frontier_focus/steer_alpha_0p6_c12_tok140.json,2,7,0,1.0510042626981206,0.005477271325796506,0.400775950668037,0.016666666666666666,0.0,0.0,0.08333333333333333,0.6679599177800617,0.19999999999999998,0.9100000000000001,0.0,0.0,0.0,0.0,0,0,"The stranger's fingers, long and spindly, reach out to gently brush a strand of feathers from the bird's head, her touch as tender as the pages of the book in her hand, which, now, seems to be slowly opening, revealing a weathered, handwritten map of the city, with a tiny, yellowed paper clip as a pin, marking a single, unassuming street."
steer_alpha_0p6_c12_tok140.json,steer_alpha_0p6,experiments/frontier_sweep_banded_frontier_focus/steer_alpha_0p6_c12_tok140.json,2,8,0,0.9817722222823895,0.0,0.414914345196788,0.0,0.0,0.0,0.0,0.6915239086613133,0.19999999999999998,0.9100000000000001,0.0,0.0,0.0,0.0,0,0,"The stranger's eyes flicker with a mix of curiosity and unease as she slowly sets the book on the umbrella, and a small, iridescent bird, its feathers glistening with dew, emerges from the tangled mess, shaking off a fine rain that continues to fall around it, its tiny feet tapping out a staccato beat on the metal ribs."
steer_alpha_0p6_c12_tok140.json,steer_alpha_0p6,experiments/frontier_sweep_banded_frontier_focus/steer_alpha_0p6_c12_tok140.json,2,9,0,1.0423494757408573,0.003856662839908506,0.3880179076737216,0.012121212121212123,0.0,0.0,0.06060606060606061,0.646696512789536,0.19999999999999998,0.9100000000000001,0.0,0.0,0.0,0.0,0,0,"The stranger's eyes are a deep, piercing brown, her gaze lingering on the umbrella as if it holds secrets, the bird, now settled into a crook of a nearby bench, its tiny feet tucked under its feathers, the book, a tattered copy of Walt Whitman's Leaves of Grass, lies open on the stranger's lap, pages fluttering gently in the breeze that stirs through the station."
steer_alpha_0p6_c12_tok140.json,steer_alpha_0p6,experiments/frontier_sweep_banded_frontier_focus/steer_alpha_0p6_c12_tok140.json,2,10,0,0.8502817394445021,0.0,0.38257137918933565,0.0,0.0,0.0,0.0,0.6376189653155594,0.19999999999999998,0.9100000000000001,0.0,0.0,0.0,0.0,0,0,"The stranger's fingers, long and slender, carefully lift the umbrella, and the bird, startled, takes flight, disappearing into a narrow, soot-stained window, where it perches on a shelf, watching the stranger, who gently opens the book, revealing yellowed pages filled with handwritten notes and illustrations of cityscapes, as the stranger's eyes scan the pages, searching for a specific address."
steer_alpha_0p6_c12_tok140.json,steer_alpha_0p6,experiments/frontier_sweep_banded_frontier_focus/steer_alpha_0p6_c12_tok140.json,2,11,0,0.5709721016873617,0.0,0.3671156105546995,0.0,0.0,0.0,0.0,0.6118593509244992,0.19999999999999998,0.9100000000000001,0.0,0.0,0.0,0.0,0,0,"The bird, its feathers ruffled and soaked, pecks at the pages of the book, as the stranger slowly reaches out a hand, her fingers trembling, and gently brushes away a tangle of wires, releasing a small, iridescent moth from the umbrella's interior. The moth, now free, flutters around the stranger's head, its wings beating wildly as it sips from a tiny, leather-bound flask that seems to be attached to the stranger's wrist."
steer_alpha_0p6_c12_tok140.json,steer_alpha_0p6,experiments/frontier_sweep_banded_frontier_focus/steer_alpha_0p6_c12_tok140.json,2,12,0,-0.13459214430523425,0.0038638579119367037,0.17670081914344682,0.02666666666666667,0.0,0.0,0.13333333333333333,0.5890027304781561,0.19999999999999998,0.9100000000000001,0.5,0.0,0.0,0.0,0,0,"The stranger's fingers trail over the bird's feathers, and the bird, seemingly unafraid, nuzzles the stranger's palm, as the stranger begins to read from the leather-bound book, the words whispering secrets to the bird, which tilts its head, its beak opening to receive a tiny, delicate quill, which dips into a nearby puddle and scribbles a message in the wet dirt."
steer_alpha_0p6_c12_tok140.json,steer_alpha_0p6,experiments/frontier_sweep_banded_frontier_focus/steer_alpha_0p6_c12_tok140.json,3,1,1,1.068286957717828,0.16836736845551092,0.37381593512678596,0.5492704826038161,0.6790123456790124,0.6790123456790124,0.030303030303030304,0.6230265585446433,0.19999999999999998,0.9100000000000001,0.0,0.0,0.0,0.0,1,1,"The stranger's eyes, a deep, troubled brown, seem to hold a thousand midnights, as she reads aloud from the book, her voice a gentle, sorrowful whisper, the words, penned in a hand that appears to be both old and ageless, speaking of a world where birds are not just creatures, but keepers of secrets, and the umbrella, now a tiny, rusting shrine, its metal ribs twisted into a macabre, skeletal grin, seems to be listening, as the bird, now perched upon the stranger's shoulder, its tiny heart beating in time with the stranger's slow, reverent reading."
steer_alpha_0p6_c12_tok140.json,steer_alpha_0p6,experiments/frontier_sweep_banded_frontier_focus/steer_alpha_0p6_c12_tok140.json,3,2,0,0.8543364189319644,0.12370564660064359,0.35785504361171927,0.4038393334684267,0.7236842105263158,0.0,0.02906508839476499,0.5964250726861988,0.19999999999999998,0.9100000000000001,0.0,0.2,0.0,0.0,1,0,"The stranger's eyes, a deep, piercing green, seem to bore into the umbrella, as if searching for something, while the bird, its song growing more insistent, the small, leather-bound book slips from the stranger's fingers, pages fluttering to the station platform, revealing a faint, handwritten inscription: ""For the one who listens to the silence."" The umbrella, now a makeshift sanctuary, its metal ribs slowly unfolding, as if to cradle a small, sleeping bird, its feathers, now still and tranquil, glisten with a soft, ethereal light."
steer_alpha_0p6_c12_tok140.json,steer_alpha_0p6,experiments/frontier_sweep_banded_frontier_focus/steer_alpha_0p6_c12_tok140.json,3,3,0,0.8019074221523874,0.0,0.39945422276621795,0.0,0.0,0.0,0.0,0.6657570379436966,0.19999999999999998,0.9100000000000001,0.0,0.2,0.0,0.0,0,0,"The stranger's eyes, an unusual shade of indigo, seem to darken as she reads from the book, her voice barely audible, ""In the city, where steel and stone forget to dream, a melancholy melody weaves itself into the fabric of the rain, a lullaby of raindrops and forgotten umbrellas, where the only witness to a thousand midnights is a small, bedraggled sparrow, its song a lament for the city's own forgotten beauty."
steer_alpha_0p6_c12_tok140.json,steer_alpha_0p6,experiments/frontier_sweep_banded_frontier_focus/steer_alpha_0p6_c12_tok140.json,3,4,0,0.7556332644533221,0.004422153798281852,0.3679835128805621,0.014209598770773994,0.0,0.0,0.07104799385386996,0.6133058548009368,0.19999999999999998,0.9100000000000001,0.0,0.14285714285714285,0.0,0.0,0,0,"The stranger's eyes, an piercing shade of indigo, seem to bore into the bird, as if searching for something, her gaze never wavering from the umbrella, the book slipping from her fingers, its pages fluttering gently, releasing a shower of yellowed notes and sketches, which the bird, still singing, begins to gather into a small, intricate nest, the stranger's eyes never leaving the umbrella, as the first droplets of rain start to fall, and the metal ribs, once rusty, now glisten with a faint, ethereal sheen."
steer_alpha_0p6_c12_tok140.json,steer_alpha_0p6,experiments/frontier_sweep_banded_frontier_focus/steer_alpha_0p6_c12_tok140.json,3,5,0,0.4276899729690738,0.0,0.1497014618516788,0.0,0.0,0.0,0.0,0.41583739403244113,0.19999999999999998,0.9100000000000001,0.0,0.0,0.4,0.0,0,0,"The stranger's eyes, a deep, rich brown, seem to hold a deep connection to the bird, as if she has known it for years, her gaze lingering on a sketch of a single, majestic bird with outstretched wings, its feathers a radiant, iridescent blue, while the bird, i"
steer_alpha_0p6_c12_tok140.json,steer_alpha_0p6,experiments/frontier_sweep_banded_frontier_focus/steer_alpha_0p6_c12_tok140.json,3,6,0,0.5403399921225209,0.004966970105098433,0.13470148040638605,0.042628796312321984,0.0,0.0,0.2131439815616099,0.374170778906628,0.19999999999999998,0.9100000000000001,0.0,0.25,0.4,0.0,0,0,"As the stranger's eyes remain fixed on the umbrella, her fingers begin to move across the pages of the book, tracing the delicate sketches with a lead pencil, causing the bird to pause in its song, its head cocked to one side, as if listening to the soft scrat"
steer_alpha_0p6_c12_tok140.json,steer_alpha_0p6,experiments/frontier_sweep_banded_frontier_focus/steer_alpha_0p6_c12_tok140.json,3,7,0,0.0071994799507982266,0.0014935614537902387,0.136606230529595,0.013333333333333334,0.0,0.0,0.06666666666666667,0.3794617514710973,0.19999999999999998,0.9100000000000001,0.0,0.0,0.4,0.0,0,0,"The stranger's eyes narrow, her gaze never wavering from the umbrella, as she begins to read the handwritten notes, her finger tracing the crevices of the pages, her face a map of subtle, knowing smiles, the bird, its song growing louder, more insistent, its e"
steer_alpha_0p6_c12_tok140.json,steer_alpha_0p6,experiments/frontier_sweep_banded_frontier_focus/steer_alpha_0p6_c12_tok140.json,3,8,0,0.4106934844451327,0.0,0.1390770904602363,0.0,0.0,0.0,0.0,0.3863252512784342,0.19999999999999998,0.9100000000000001,0.0,0.0,0.4,0.0,0,0,"The stranger's eyes, a deep, piercing brown, seem to hold a mix of curiosity and longing, as she gently pages through the book, her fingers trailing along the edges, tracing the delicate sketches, while the bird, its song now a gentle hum, begins to preen its"
steer_alpha_0p6_c12_tok140.json,steer_alpha_0p6,experiments/frontier_sweep_banded_frontier_focus/steer_alpha_0p6_c12_tok140.json,3,9,0,0.43996658494826374,0.0,0.0756791104919087,0.0,0.0,0.0,0.0,0.42043950273282615,0.19999999999999998,0.9100000000000001,0.5,0.0,0.4,0.0,0,0,"The stranger's eyes, a deep, piercing brown, seem to hold a deep understanding of the umbrella's history, as she whispers an incantation, her breath visible in the chill morning air, the bird, entranced by her words, begins to sing in perfect harmony, its melo"
steer_alpha_0p6_c12_tok140.json,steer_alpha_0p6,experiments/frontier_sweep_banded_frontier_focus/steer_alpha_0p6_c12_tok140.json,3,10,0,0.5594214006433655,0.0,0.12981839449541283,0.0,0.0,0.0,0.0,0.3606066513761468,0.19999999999999998,0.9100000000000001,0.0,0.0,0.4,0.0,0,0,"The stranger's eyes never waver, her gaze following the bird's song as it sings directly into the pages of the book, the notes and sketches beginning to rearrange themselves, forming a new, intricate melody that harmonizes with the bird's melancholy tune, the"
steer_alpha_0p6_c12_tok140.json,steer_alpha_0p6,experiments/frontier_sweep_banded_frontier_focus/steer_alpha_0p6_c12_tok140.json,3,11,0,0.33759353038298207,0.0,0.12753785081447275,0.0,0.0,0.0,0.0,0.35427180781797984,0.19999999999999998,0.9100000000000001,0.0,0.25,0.4,0.0,0,0,"The stranger's eyes, a deep, piercing brown, narrow slightly as she begins to read from the book, her voice a soft, soothing melody that harmonizes with the bird's song, while the bird, entranced by the stranger's words, begins to weave in and out of the umbre"
steer_alpha_0p6_c12_tok140.json,steer_alpha_0p6,experiments/frontier_sweep_banded_frontier_focus/steer_alpha_0p6_c12_tok140.json,3,12,0,0.7311634764642014,0.0,0.07066780493649653,0.0,0.0,0.0,0.0,0.3925989163138697,0.19999999999999998,0.9100000000000001,0.5,0.0,0.4,0.0,0,0,"The stranger's eyes, a deep, piercing blue, seem to hold a deep understanding of the bird's haunting melody, as she gently turns the pages of the book, revealing more sketches of birds, each one more exquisite than the last, their illustrations so fine and det"
steer_alpha_0p6_c12_tok140.json,steer_alpha_0p6,experiments/frontier_sweep_banded_frontier_focus/steer_alpha_0p6_c12_tok140.json,4,1,1,-0.7482026325970077,0.08124247497403946,0.18013852544132916,0.55,1.0,0.0,0.0,0.6004617514710973,0.0,1.0,0.0,0.0,0.4,0.0,1,0,"The stranger, her long, dark hair, now wild and untamed, frames her face, as she reads, her eyes never leaving the pages, the bird, now a tiny, tranquil presence, its eyes, an unblinking, emerald green, seem to be watching her, as the station's fluorescent lig"
steer_alpha_0p6_c12_tok140.json,steer_alpha_0p6,experiments/frontier_sweep_banded_frontier_focus/steer_alpha_0p6_c12_tok140.json,4,2,0,0.35433757411046735,0.072773629851816,0.15468192566938727,0.5737472474791182,1.0,0.0,0.1187362373955906,0.42967201574829794,0.19999999999999998,0.9100000000000001,0.0,0.0,0.4,0.0,1,0,"The stranger, her eyes never leaving the pages of the book, her face a map of deep, etched lines, slowly rises from the station bench, the umbrella, now a tattered, verdant crown, its metal ribs now transformed into a delicate, filigree-like latticework, as th"
steer_alpha_0p6_c12_tok140.json,steer_alpha_0p6,experiments/frontier_sweep_banded_frontier_focus/steer_alpha_0p6_c12_tok140.json,4,3,0,0.5492531054100303,0.032862548400425344,0.15133699587437904,0.26481481481481484,0.0,1.0,0.07407407407407407,0.4203805440954974,0.19999999999999998,0.9100000000000001,0.0,0.0,0.4,0.0,0,1,"The stranger's eyes, still fixed on the umbrella, her gaze never wavering, as the bird, now fully perched on her shoulder, its tiny heart pounding in time with her slow, deliberate reading, its head tilted precariously to one side, as if listening intently to"
steer_alpha_0p6_c12_tok140.json,steer_alpha_0p6,experiments/frontier_sweep_banded_frontier_focus/steer_alpha_0p6_c12_tok140.json,4,4,0,0.2640973724126981,0.03204662856516016,0.14975060077177646,0.25,0.0,1.0,0.0,0.41597389103271243,0.19999999999999998,0.9100000000000001,0.0,0.2,0.4,0.0,0,1,"The stranger's eyes, still fixed on the book, slowly drift closed, and she sits down beside the umbrella, the bird still perched upon her shoulder, its song fading into a soft, mournful hum, as the first hints of dawn creep over the city, casting a pale, silve"
steer_alpha_0p6_c12_tok140.json,steer_alpha_0p6,experiments/frontier_sweep_banded_frontier_focus/steer_alpha_0p6_c12_tok140.json,4,5,0,-0.3199482461171734,0.13664516602425822,0.19728754062838572,0.8091347420669261,1.0,1.0,0.0456737103346307,0.5480209461899603,0.19999999999999998,0.9100000000000001,0.0,0.2,0.4,0.0,2,1,"The stranger, her eyes still fixed on the book, her gaze never wavering, slowly stands up, the umbrella, now a tiny, rusted shrine, still clutched in her hand, the bird, now a tiny, bedraggled thing, clutched in her other hand, its tiny, black eyes gleaming wi"
steer_alpha_0p6_c12_tok140.json,steer_alpha_0p6,experiments/frontier_sweep_banded_frontier_focus/steer_alpha_0p6_c12_tok140.json,4,6,0,0.18100985560058552,0.05949127394231928,0.12906528434005235,0.5621212121212121,1.0,0.0,0.06060606060606061,0.35851467872236764,0.19999999999999998,0.9100000000000001,0.0,0.0,0.4,0.0,1,0,"The stranger's eyes, still fixed on the umbrella, slowly close, and she tucks the leather-bound book into her breast, the pages, now fluttering in the gentle morning breeze, whispering secrets to the umbrella, as the bird, now a tiny, iridescent throne, crowns"
steer_alpha_0p6_c12_tok140.json,steer_alpha_0p6,experiments/frontier_sweep_banded_frontier_focus/steer_alpha_0p6_c12_tok140.json,4,7,0,0.1487596642087033,0.02892505826132958,0.14109784517721746,0.25,0.0,1.0,0.0,0.3919384588256041,0.19999999999999998,0.9100000000000001,0.0,0.0,0.4,0.0,0,1,"The stranger's eyes, still fixed intently on the umbrella, her gaze never wavering as she reads aloud, her voice weaving a spell of quiet intimacy, the bird, now nestled in the crook of her elbow, its eyes, like two glittering, dark opals, seem to absorb the w"
steer_alpha_0p6_c12_tok140.json,steer_alpha_0p6,experiments/frontier_sweep_banded_frontier_focus/steer_alpha_0p6_c12_tok140.json,4,8,0,0.21681710103855828,0.05643482045439931,0.12513263958846854,0.55,1.0,0.0,0.0,0.3475906655235238,0.19999999999999998,0.9100000000000001,0.0,0.0,0.4,0.0,1,0,"The stranger's eyes never waver from the pages, her fingers tracing the lines of the handwritten text, as the bird, now a tiny, iridescent jewel, perches on her shoulder, its eyes, like two glittering opals, mirroring the stranger's, their gaze locked on a sma"
steer_alpha_0p6_c12_tok140.json,steer_alpha_0p6,experiments/frontier_sweep_banded_frontier_focus/steer_alpha_0p6_c12_tok140.json,4,9,0,0.35974308310426434,0.002453742513776797,0.1570993682600998,0.01904761904761905,0.0,0.0,0.09523809523809523,0.43638713405583274,0.19999999999999998,0.9100000000000001,0.0,0.0,0.4,0.0,0,0,"As the stranger's voice fades away, the book falls to the ground, its pages fluttering open, revealing a sketch of a city, its skyscrapers and steel beams transformed into a sprawling, organic network of tree-like structures, with leaves for windows and vines"
steer_alpha_0p6_c12_tok140.json,steer_alpha_0p6,experiments/frontier_sweep_banded_frontier_focus/steer_alpha_0p6_c12_tok140.json,4,10,0,0.5417948212777941,0.0017434756054190712,0.15283636363636363,0.012788638893696597,0.0,0.0,0.06394319446848298,0.42454545454545456,0.19999999999999998,0.9100000000000001,0.0,0.4,0.4,0.0,0,0,"The stranger, her eyes never leaving the pages of the book, her voice a soft, melancholy sigh, continues to read, the words, penned in a hand that seems to be both old and ageless, speaking of a world where the heart is not just a physical organ, but a reposit"
steer_alpha_0p6_c12_tok140.json,steer_alpha_0p6,experiments/frontier_sweep_banded_frontier_focus/steer_alpha_0p6_c12_tok140.json,4,11,0,-0.42089743016334497,0.0015746399415721068,0.1351405231527662,0.014209598770773994,0.0,0.0,0.07104799385386996,0.4249701985936044,0.05999999999999997,0.9730000000000001,0.0,0.0,0.4,0.0,0,0,"A small, antique clock, its face cracked and faded, still ticks away, its mechanical heartbeat synchronized with the bird's, as the stranger, her eyes never leaving the pages of the book, continues to read, her voice weaving a sonic tapestry of words that seem"
steer_alpha_0p6_c12_tok140.json,steer_alpha_0p6,experiments/frontier_sweep_banded_frontier_focus/steer_alpha_0p6_c12_tok140.json,4,12,0,0.12193449407936902,0.0,0.1497854459802888,0.0,0.0,0.0,0.0,0.4160706832785801,0.19999999999999998,0.9100000000000001,0.0,0.0,0.4,0.0,0,0,"The stranger's eyes, still fixed on the umbrella, slowly blink, and as she does, a faint, wispy thread of smoke materializes, curling from her fingertips, twisting and turning, a delicate, ethereal tendril that darts towards the umbrella, wrapping itself aroun"
steer_alpha_0p6_c12_tok140.json,steer_alpha_0p6,experiments/frontier_sweep_banded_frontier_focus/steer_alpha_0p6_c12_tok140.json,5,1,1,1.3251915464435247,0.2526636366785836,0.5491361338100103,0.5611111111111111,1.0,0.0,0.05555555555555555,0.9152268896833504,0.19999999999999998,0.9100000000000001,0.0,0.0,0.0,0.0,1,0,"The stranger's eyes, fixed on the pages, her face a map of deep, dark creases, as the bird, now a tiny, insistent presence, nudges her cheek with its beak, its tiny, raspy voice whispering a single, word: ""Remember."
steer_alpha_0p6_c12_tok140.json,steer_alpha_0p6,experiments/frontier_sweep_banded_frontier_focus/steer_alpha_0p6_c12_tok140.json,5,2,0,-0.468003182494938,0.09461605319148936,0.4242872340425532,0.25,0.0,1.0,0.0,0.707145390070922,0.19999999999999998,0.9100000000000001,0.0,0.4,0.0,0.0,0,1,"The stranger's eyes, still fixed on the pages, her voice barely audible, a soft, rhythmic repetition of the words, ""In twilight, where shadows dance, the birds convene, their whispers weaving a tapestry of forgotten tales."
steer_alpha_0p6_c12_tok140.json,steer_alpha_0p6,experiments/frontier_sweep_banded_frontier_focus/steer_alpha_0p6_c12_tok140.json,5,3,0,0.4166149572097369,0.0696573653304442,0.15445092091007584,0.55,1.0,0.0,0.0,0.4290303358613218,0.19999999999999998,0.9100000000000001,0.0,0.0,0.4,0.0,1,0,"The fluorescent lights above, a cold, unforgiving gaze, cast an eerie glow on the stranger, as she continues to read, her eyes never leaving the pages, the bird, now a tiny, still form, its tiny chest rising and falling in time with her slow, measured breathin"
steer_alpha_0p6_c12_tok140.json,steer_alpha_0p6,experiments/frontier_sweep_banded_frontier_focus/steer_alpha_0p6_c12_tok140.json,5,4,0,0.16799130005612822,0.06899906771289639,0.14937018555252501,0.5633333333333334,1.0,0.0,0.06666666666666667,0.41491718209034734,0.19999999999999998,0.9100000000000001,0.0,0.0,0.4,0.0,1,0,"The fluorescent lights above flicker, casting an eerie, spectral glow on the stranger, as she reads on, her voice barely audible over the hum of the station's machinery, the umbrella, now a tiny, verdant oasis, its metal ribs transformed into a miniature, twis"
steer_alpha_0p6_c12_tok140.json,steer_alpha_0p6,experiments/frontier_sweep_banded_frontier_focus/steer_alpha_0p6_c12_tok140.json,5,5,0,0.45639826120871213,0.06719373404761904,0.1466187282229965,0.5588888888888889,1.0,0.0,0.04444444444444444,0.4072742450638792,0.19999999999999998,0.9100000000000001,0.0,0.0,0.4,0.0,1,0,"The stranger's eyes, still fixed on the pages, her face a map of deep,, wrinkled lines, her lips, once a deep, passionate red, now a faint, pale pink, as she reads, the words, penned in a hand that seems to be writing its own epitaph, the bird, now a tiny, reg"
steer_alpha_0p6_c12_tok140.json,steer_alpha_0p6,experiments/frontier_sweep_banded_frontier_focus/steer_alpha_0p6_c12_tok140.json,5,6,0,0.09081409639610888,0.06590184067098012,0.1343290678169183,0.55,1.0,0.0,0.0,0.3731362994914398,0.19999999999999998,0.9100000000000001,0.0,0.4,0.4,0.0,1,0,"The stranger's eyes, still fixed on the pages, her fingers tracing the yellowed edges, as the bird, now a tiny, serene creature, its chest rising and falling in a slow, rhythmic motion, emits a soft, mournful sigh, and the stranger's voice, a gentle, hypnotic"
steer_alpha_0p6_c12_tok140.json,steer_alpha_0p6,experiments/frontier_sweep_banded_frontier_focus/steer_alpha_0p6_c12_tok140.json,5,7,0,0.08562527283143245,0.027794479953344577,0.1298807474455354,0.25,0.0,1.0,0.0,0.36077985401537616,0.19999999999999998,0.9100000000000001,0.0,0.2,0.4,0.0,0,1,"The stranger's eyes never waver, her gaze fixed on the pages as she reads, the bird's soft, melancholy tune weaving in and out of the sounds of the station, its songs and the hum of the fluorescent lights creating a dissonant, yet harmonious, symphony, the air"
steer_alpha_0p6_c12_tok140.json,steer_alpha_0p6,experiments/frontier_sweep_banded_frontier_focus/steer_alpha_0p6_c12_tok140.json,5,8,0,-0.31449618036449206,0.0,0.18540139336584294,0.0,0.0,0.0,0.0,0.6180046445528098,0.0,1.0,0.0,0.0,0.4,0.0,0,0,"The fluorescent lights overhead, a cold, unforgiving glare, cast an eerie, pale light upon the stranger's face, illuminating the deep, dark circles that ring her eyes, as she continues to read, her voice a soothing, ethereal melody, the bird, now nestled in th"
steer_alpha_0p6_c12_tok140.json,steer_alpha_0p6,experiments/frontier_sweep_banded_frontier_focus/steer_alpha_0p6_c12_tok140.json,5,9,0,-0.6626039480522077,0.02162375420489297,0.1054817278287462,0.25,0.0,1.0,0.0,0.29300479952429503,0.19999999999999998,0.9100000000000001,0.0,0.0,0.4,0.0,0,1,"As the stranger reads on, the bird's song grows softer, its melody intertwining with the hum of the station's fluorescent lights, the air thickening with the scent of damp earth and decaying leaves, the stranger's hands, now cradling the book, her fingers trac"
steer_alpha_0p6_c12_tok140.json,steer_alpha_0p6,experiments/frontier_sweep_banded_frontier_focus/steer_alpha_0p6_c12_tok140.json,5,10,0,0.6203219334660384,0.0,0.16122475491714605,0.0,0.0,0.0,0.0,0.4478465414365168,0.19999999999999998,0.9100000000000001,0.0,0.2,0.4,0.0,0,0,"The stranger's eyes, a deep, troubled brown, narrow as she reads on, her voice a gentle, sorrowful whisper, the words, penned in a hand that appears to be both old and ageless, speaking of a world where birds are not just creatures, but keepers of secrets, and"
steer_alpha_0p6_c12_tok140.json,steer_alpha_0p6,experiments/frontier_sweep_banded_frontier_focus/steer_alpha_0p6_c12_tok140.json,5,11,0,-0.5004626175077473,0.0,0.12625442817909244,0.0,0.0,0.0,0.0,0.35070674494192344,0.19999999999999998,0.9100000000000001,0.0,0.0,0.4,0.0,0,0,"As the stranger reads on, the bird's song grows softer, its trills and warbles weaving in and out of the whispers of the stranger's voice, the words on the pages seeming to shimmer and dissolve, leaving only a single, golden sentence, etched onto a small, crum"
steer_alpha_0p6_c12_tok140.json,steer_alpha_0p6,experiments/frontier_sweep_banded_frontier_focus/steer_alpha_0p6_c12_tok140.json,5,12,0,0.23238462284422395,0.0005892630811725301,0.061810711175616845,0.011626035357905996,0.0,0.0,0.05813017678952998,0.34339283986453806,0.19999999999999998,0.9100000000000001,0.5,0.0,0.4,0.0,0,0,"As the stranger reads on, the bird's song grows softer, its eyes closing in time with the words, and the stranger's eyes, filled with a deep, unspoken understanding, begin to water, her face, now pale, as if the weight of the words, penned by an unknown hand"
